{
  "experiment_info": {
    "dataset": "synthetic",
    "epochs": 5,
    "batch_size": 32,
    "learning_rate": 0.001,
    "hidden_dim": 128,
    "num_classes": 6,
    "num_channels": 6,
    "device": "cuda",
    "seed": 42,
    "training_time_seconds": 6.166787147521973,
    "timestamp": "2026-03-09T13:04:49.419741"
  },
  "model_info": {
    "name": "SAS-HAR",
    "num_parameters": 642945
  },
  "training_history": {
    "train_loss": [
      1.1204410859129645,
      0.8859770663759925,
      0.8396437994458459,
      0.7821555571122603,
      0.789863106879321
    ],
    "train_accuracy": [
      0.6142857142857143,
      0.6621428571428571,
      0.6792857142857143,
      0.7157142857142857,
      0.6771428571428572
    ],
    "val_loss": [
      2.201415503025055,
      0.7948466181755066,
      0.7677215814590455,
      0.7664357721805573,
      0.7654942393302917
    ],
    "val_accuracy": [
      0.26,
      0.67,
      0.6833333333333333,
      0.72,
      0.79
    ],
    "val_f1": [
      0.19158523859216392,
      0.5978411053540588,
      0.6041515591007977,
      0.6680149812734082,
      0.7898549377360206
    ],
    "val_boundary_f1": [
      0.0,
      0.0,
      0.0,
      0.0,
      0.0
    ]
  },
  "test_results": {
    "accuracy": 0.7533333333333333,
    "f1_macro": 0.7603726803418461,
    "boundary_precision": 0.0,
    "boundary_recall": 0.0,
    "boundary_f1": 0.0
  },
  "best_val_f1": 0.7898549377360206
}