{
  "experiment_info": {
    "dataset": "synthetic",
    "epochs": 5,
    "batch_size": 32,
    "learning_rate": 0.001,
    "hidden_dim": 128,
    "num_classes": 6,
    "num_channels": 6,
    "device": "cuda",
    "seed": 42,
    "training_time_seconds": 11.158571243286133,
    "timestamp": "2026-03-09T12:20:02.413713"
  },
  "model_info": {
    "name": "SimpleHARModel",
    "num_parameters": 488007
  },
  "training_history": {
    "train_loss": [
      1.0316810811107808,
      0.7730652432550084,
      0.6990361430428245,
      0.600301521745595,
      0.540330321951346
    ],
    "train_accuracy": [
      0.62,
      0.7285714285714285,
      0.7635714285714286,
      0.8435714285714285,
      0.8785714285714286
    ],
    "val_loss": [
      0.7926983773708344,
      0.8550992608070374,
      0.7575085878372192,
      0.5293909013271332,
      0.47088079154491425
    ],
    "val_accuracy": [
      0.66,
      0.6766666666666666,
      0.6866666666666666,
      0.9033333333333333,
      0.9733333333333334
    ],
    "val_f1": [
      0.5799319727891157,
      0.6385995670838858,
      0.653656220322887,
      0.8971783236843477,
      0.9726627981947131
    ],
    "val_boundary_f1": [
      0.0,
      0.0,
      0.0,
      0.0,
      0.0
    ]
  },
  "test_results": {
    "accuracy": 0.9933333333333333,
    "f1_macro": 0.9932653061224489,
    "boundary_precision": 0.0,
    "boundary_recall": 0.0,
    "boundary_f1": 0.0
  },
  "best_val_f1": 0.9726627981947131
}