{
  "experiment_info": {
    "dataset": "opportunity",
    "epochs": 20,
    "batch_size": 32,
    "learning_rate": 0.001,
    "hidden_dim": 128,
    "num_classes": 6,
    "num_channels": 6,
    "device": "cuda",
    "seed": 42,
    "training_time_seconds": 23.649293422698975,
    "timestamp": "2026-03-09T13:17:12.986784"
  },
  "model_info": {
    "name": "SAS-HAR",
    "num_parameters": 642945
  },
  "training_history": {
    "train_loss": [
      1.1204410859129645,
      0.8882471363652836,
      0.8559891838919033,
      0.7994578954848376,
      0.8114064755764875,
      0.7948900312185287,
      0.7809745493260297,
      0.7913156964562156,
      0.7692217325622385,
      0.6980624916878614,
      0.5492338991977952,
      0.5049360997297547,
      0.43716358732093463,
      0.35083694417368283,
      0.3749323216351596,
      0.302890617061745,
      0.29193591326475143,
      0.29100626131350343,
      0.2904419556937434,
      0.2836726185950366
    ],
    "train_accuracy": [
      0.6142857142857143,
      0.655,
      0.6742857142857143,
      0.6978571428571428,
      0.7007142857142857,
      0.6878571428571428,
      0.7092857142857143,
      0.695,
      0.71,
      0.7535714285714286,
      0.8385714285714285,
      0.8914285714285715,
      0.9107142857142857,
      0.9578571428571429,
      0.9371428571428572,
      0.9792857142857143,
      0.9835714285714285,
      0.9835714285714285,
      0.9807142857142858,
      0.9871428571428571
    ],
    "val_loss": [
      2.201415503025055,
      0.7953920483589172,
      0.7721930801868438,
      0.7682545125484467,
      0.7780394852161407,
      0.7639327347278595,
      0.7676072180271148,
      0.763952624797821,
      0.8119304299354553,
      0.585716712474823,
      0.41984485685825346,
      0.4052174389362335,
      0.39979990422725675,
      0.29003961086273194,
      0.3588770106434822,
      0.3230078101158142,
      0.27029352337121965,
      0.3496070384979248,
      0.3336087316274643,
      0.3545837864279747
    ],
    "val_accuracy": [
      0.26,
      0.66,
      0.6933333333333334,
      0.7166666666666667,
      0.6933333333333334,
      0.76,
      0.7366666666666667,
      0.6933333333333334,
      0.71,
      0.8366666666666667,
      0.9266666666666666,
      0.9566666666666667,
      0.9133333333333333,
      1.0,
      0.93,
      0.98,
      0.99,
      0.94,
      0.9466666666666667,
      0.94
    ],
    "val_f1": [
      0.19158523859216392,
      0.5799319727891157,
      0.5922330097087379,
      0.668111753371869,
      0.5922330097087379,
      0.7073682331414289,
      0.6863921001926783,
      0.5922330097087379,
      0.6951292036749867,
      0.7701631701631703,
      0.9171171171171171,
      0.9522154301010827,
      0.8989181879648411,
      1.0,
      0.9291581674844257,
      0.9807407407407407,
      0.9903408563202377,
      0.9386478769457492,
      0.9459090165275733,
      0.9391189167974883
    ],
    "val_boundary_f1": [
      0.0,
      0.0,
      0.0,
      0.0,
      0.0,
      0.0,
      0.0,
      0.0,
      0.0,
      0.0,
      0.0,
      0.03703703731298447,
      0.0,
      0.0,
      0.0,
      0.0,
      0.0,
      0.0,
      0.0,
      0.0
    ]
  },
  "test_results": {
    "accuracy": 0.9433333333333334,
    "f1_macro": 0.9436503018201013,
    "boundary_precision": 0.0,
    "boundary_recall": 0.0,
    "boundary_f1": 0.0
  },
  "best_val_f1": 1.0
}