{
  "experiment_info": {
    "dataset": "opportunity",
    "epochs": 10,
    "batch_size": 32,
    "learning_rate": 0.001,
    "hidden_dim": 128,
    "num_classes": 6,
    "num_channels": 6,
    "device": "cuda",
    "seed": 42,
    "training_time_seconds": 11.427535057067871,
    "timestamp": "2026-03-09T13:12:24.063103"
  },
  "model_info": {
    "name": "SAS-HAR",
    "num_parameters": 642945
  },
  "training_history": {
    "train_loss": [
      1.1204410859129645,
      0.8863156519152902,
      0.8502905003049157,
      0.7927808991887353,
      0.806697516278787,
      0.7803064611825076,
      0.7779604481025175,
      0.7615880072116852,
      0.7607979002324018,
      0.7443857206539675
    ],
    "train_accuracy": [
      0.6142857142857143,
      0.6578571428571428,
      0.6735714285714286,
      0.7028571428571428,
      0.6964285714285714,
      0.7035714285714286,
      0.72,
      0.7035714285714286,
      0.71,
      0.7228571428571429
    ],
    "val_loss": [
      2.201415503025055,
      0.7963892638683319,
      0.7765022873878479,
      0.7566701412200928,
      0.7734412968158721,
      0.7509418249130249,
      0.7710881054401397,
      0.7600258648395538,
      0.7345655620098114,
      0.7361595630645752
    ],
    "val_accuracy": [
      0.26,
      0.6666666666666666,
      0.6933333333333334,
      0.73,
      0.6933333333333334,
      0.7266666666666667,
      0.6933333333333334,
      0.6933333333333334,
      0.74,
      0.6933333333333334
    ],
    "val_f1": [
      0.19158523859216392,
      0.592055448773953,
      0.5922330097087379,
      0.685105830411635,
      0.5922330097087379,
      0.6822608322608322,
      0.6339806344620981,
      0.6038309713324274,
      0.6931145431145431,
      0.6346944368320088
    ],
    "val_boundary_f1": [
      0.0,
      0.0,
      0.0,
      0.0,
      0.0,
      0.0,
      0.0,
      0.0,
      0.0,
      0.0
    ]
  },
  "test_results": {
    "accuracy": 0.7133333333333334,
    "f1_macro": 0.6680128539169706,
    "boundary_precision": 0.0,
    "boundary_recall": 0.0,
    "boundary_f1": 0.0
  },
  "best_val_f1": 0.6931145431145431
}