{
  "experiment_info": {
    "dataset": "opportunity",
    "epochs": 20,
    "batch_size": 32,
    "learning_rate": 0.001,
    "hidden_dim": 128,
    "num_classes": 17,
    "num_channels": 110,
    "device": "cuda",
    "seed": 42,
    "training_time_seconds": 316.8955852985382,
    "timestamp": "2026-03-09T13:26:52.044823"
  },
  "model_info": {
    "name": "SAS-HAR",
    "num_parameters": 649620
  },
  "training_history": {
    "train_loss": [
      0.5116487098823894,
      0.37152649654583497,
      0.3332025063444268,
      0.31443125131455335,
      0.30246136848222127,
      0.2896660112250935,
      0.2846322905339978,
      0.271103427125649,
      0.2616873021152886,
      0.2546235802769661,
      0.24581958571618254,
      0.23435161843895913,
      0.225588868456808,
      0.22026718812909993,
      0.21357316295531664,
      0.2077543725479733,
      0.20568425626239994,
      0.20156931740316478,
      0.198369309685447,
      0.1995760014043613
    ],
    "train_accuracy": [
      0.8601649132783622,
      0.8963889678703441,
      0.9117998294000569,
      0.9150980949673017,
      0.9222632925789025,
      0.9250497583167472,
      0.9278930907023031,
      0.9335797554734149,
      0.9352857549047484,
      0.9384134205288598,
      0.9429058856980381,
      0.9476826841057719,
      0.949161216946261,
      0.9517770827409724,
      0.9552459482513506,
      0.9576343474552175,
      0.9585442138185954,
      0.9609894796701735,
      0.9616718794427068,
      0.9592834802388399
    ],
    "val_loss": [
      0.3237243230730571,
      0.301827459964438,
      0.32611375156957556,
      0.2865874527685009,
      0.29967350444372093,
      0.30307622713096277,
      0.3166065769218938,
      0.28457566356288255,
      0.30509394278830515,
      0.2959423817778265,
      0.3157397029456675,
      0.3073401713106909,
      0.3103917172273637,
      0.33993239398468555,
      0.33497712626427606,
      0.3225641862636188,
      0.3312372453710176,
      0.3359225813749295,
      0.3370746437335607,
      0.34003921366528
    ],
    "val_accuracy": [
      0.9152542372881356,
      0.925058158856763,
      0.9187437686939183,
      0.9313725490196079,
      0.9227318045862413,
      0.9240611498836823,
      0.9248919906945829,
      0.9303755400465271,
      0.9297108673978066,
      0.9293785310734464,
      0.9280491857760054,
      0.9310402126952476,
      0.9305417082087072,
      0.9252243270189432,
      0.9277168494516451,
      0.9280491857760054,
      0.9282153539381854,
      0.9292123629112662,
      0.9297108673978066,
      0.9295446992356264
    ],
    "val_f1": [
      0.9332836962164951,
      0.9411652725975389,
      0.9358718985964138,
      0.9462508537009091,
      0.9381149225041543,
      0.9400316609496264,
      0.9392704482756371,
      0.9443249718310412,
      0.9446386845881467,
      0.9427740226651019,
      0.9423290669036848,
      0.945416904410373,
      0.9445334752365222,
      0.9400689090378137,
      0.9427015378227258,
      0.943343331095114,
      0.9429394855882844,
      0.9435886321887152,
      0.9443188169425165,
      0.9434951047985854
    ],
    "val_boundary_f1": [
      0.0,
      0.0,
      0.0,
      0.0,
      0.0,
      0.0,
      0.0,
      0.0,
      0.0,
      0.0,
      0.0,
      0.0,
      0.0,
      0.0,
      0.0,
      0.0,
      0.0,
      0.0,
      0.0,
      0.0
    ]
  },
  "test_results": {
    "accuracy": 0.9295446992356264,
    "f1_macro": 0.9434951047985854,
    "boundary_precision": 0.0,
    "boundary_recall": 0.0,
    "boundary_f1": 0.0
  },
  "best_val_f1": 0.9462508537009091
}